<?xml version="1.0" encoding="UTF-8"?><rss version="2.0"
	xmlns:content="http://purl.org/rss/1.0/modules/content/"
	xmlns:wfw="http://wellformedweb.org/CommentAPI/"
	xmlns:dc="http://purl.org/dc/elements/1.1/"
	xmlns:atom="http://www.w3.org/2005/Atom"
	xmlns:sy="http://purl.org/rss/1.0/modules/syndication/"
	xmlns:slash="http://purl.org/rss/1.0/modules/slash/"
	>

<channel>
	<title>Design - Dietitian Eli</title>
	<atom:link href="/tag/design/feed/" rel="self" type="application/rss+xml" />
	<link></link>
	<description></description>
	<lastBuildDate>Fri, 10 Mar 2017 03:35:37 +0000</lastBuildDate>
	<language>en-GB</language>
	<sy:updatePeriod>
	hourly	</sy:updatePeriod>
	<sy:updateFrequency>
	1	</sy:updateFrequency>
	<generator>https://wordpress.org/?v=6.1.1</generator>
	<item>
		<title>It will be as simple as Occidental</title>
		<link>/2017/03/10/it-will-be-as-simple-as-occidental-3/?utm_source=rss#038;utm_medium=rss&#038;utm_campaign=it-will-be-as-simple-as-occidental-3</link>
					<comments>/2017/03/10/it-will-be-as-simple-as-occidental-3/#comments</comments>
		
		<dc:creator><![CDATA[eliUser]]></dc:creator>
		<pubDate>Fri, 10 Mar 2017 03:35:37 +0000</pubDate>
				<category><![CDATA[Design]]></category>
		<category><![CDATA[Photography]]></category>
		<category><![CDATA[Art]]></category>
		<category><![CDATA[Pop Culture]]></category>
		<guid isPermaLink="false">http://shtheme.com/demosd/smart/?p=33</guid>

					<description><![CDATA[<p>The European languages are members of the same family. Their separate existence is a myth. For science, music, sport, etc, Europe uses the same vocabulary. The languages only differ in their grammar, their pronunciation and their most common words. Everyone realizes why a new common language would be desirable: one could refuse to pay expensive [&#8230;]</p>
<p>The post <a href="/2017/03/10/it-will-be-as-simple-as-occidental-3/">It will be as simple as Occidental</a> first appeared on <a href="">Dietitian Eli</a>.</p>]]></description>
										<content:encoded><![CDATA[<p>The European languages are members of the same family. Their separate existence is a myth. For science, music, sport, etc, Europe uses the same vocabulary. The languages only differ in their grammar, their pronunciation and their most common words. Everyone realizes why a new common language would be desirable: one could refuse to pay expensive translators.</p>
<blockquote>
<p>If several languages coalesce, the grammar of the resulting language is more simple and regular than that of the individual languages.</p>
</blockquote>
<p>If several languages coalesce, the grammar of the resulting language is more simple and regular than that of the individual languages. The new common language will be more simple and regular than the existing European languages. To achieve this, it would be necessary to have uniform grammar, pronunciation and more common words.</p>
<ul>
<li>For science, music, sport, etc.</li>
<li>Their separate existence is a myth.</li>
<li>The European languages are members.</li>
</ul>
<p>It will be as simple as Occidental; in fact, it will be Occidental. To an English person, it will seem like simplified English, as a skeptical Cambridge friend of mine told me what Occidental is. The European languages are members of the same family.</p>
<p>The European languages are members of the same family. Their separate existence is a myth. For science, music, sport, etc, Europe uses the same vocabulary. The languages only differ in their grammar, their pronunciation and their most common words. Everyone realizes why a new common language would be desirable: one could refuse to pay expensive translators.</p><p>The post <a href="/2017/03/10/it-will-be-as-simple-as-occidental-3/">It will be as simple as Occidental</a> first appeared on <a href="">Dietitian Eli</a>.</p>]]></content:encoded>
					
					<wfw:commentRss>/2017/03/10/it-will-be-as-simple-as-occidental-3/feed/</wfw:commentRss>
			<slash:comments>1</slash:comments>
		
		
			</item>
		<item>
		<title>The European languages are members</title>
		<link>/2017/03/10/the-european-languages-are-members-2/?utm_source=rss#038;utm_medium=rss&#038;utm_campaign=the-european-languages-are-members-2</link>
					<comments>/2017/03/10/the-european-languages-are-members-2/#comments</comments>
		
		<dc:creator><![CDATA[eliUser]]></dc:creator>
		<pubDate>Fri, 10 Mar 2017 02:03:05 +0000</pubDate>
				<category><![CDATA[Design]]></category>
		<category><![CDATA[Photography]]></category>
		<category><![CDATA[Art]]></category>
		<category><![CDATA[Pop Culture]]></category>
		<guid isPermaLink="false">http://shtheme.com/demosd/smart/?p=23</guid>

					<description><![CDATA[<p>The European languages are members of the same family. Their separate existence is a myth. For science, music, sport, etc, Europe uses the same vocabulary. The languages only differ in their grammar, their pronunciation and their most common words. Everyone realizes why a new common language would be desirable: one could refuse to pay expensive [&#8230;]</p>
<p>The post <a href="/2017/03/10/the-european-languages-are-members-2/">The European languages are members</a> first appeared on <a href="">Dietitian Eli</a>.</p>]]></description>
										<content:encoded><![CDATA[<p>The European languages are members of the same family. Their separate existence is a myth. For science, music, sport, etc, Europe uses the same vocabulary. The languages only differ in their grammar, their pronunciation and their most common words. Everyone realizes why a new common language would be desirable: one could refuse to pay expensive translators.</p>
<blockquote>
<p>If several languages coalesce, the grammar of the resulting language is more simple and regular than that of the individual languages.</p>
</blockquote>
<p>If several languages coalesce, the grammar of the resulting language is more simple and regular than that of the individual languages. The new common language will be more simple and regular than the existing European languages. To achieve this, it would be necessary to have uniform grammar, pronunciation and more common words.</p>
<ul>
<li>For science, music, sport, etc.</li>
<li>Their separate existence is a myth.</li>
<li>The European languages are members.</li>
</ul>
<p>It will be as simple as Occidental; in fact, it will be Occidental. To an English person, it will seem like simplified English, as a skeptical Cambridge friend of mine told me what Occidental is. The European languages are members of the same family.</p>
<p>The European languages are members of the same family. Their separate existence is a myth. For science, music, sport, etc, Europe uses the same vocabulary. The languages only differ in their grammar, their pronunciation and their most common words. Everyone realizes why a new common language would be desirable: one could refuse to pay expensive translators.</p><p>The post <a href="/2017/03/10/the-european-languages-are-members-2/">The European languages are members</a> first appeared on <a href="">Dietitian Eli</a>.</p>]]></content:encoded>
					
					<wfw:commentRss>/2017/03/10/the-european-languages-are-members-2/feed/</wfw:commentRss>
			<slash:comments>2</slash:comments>
		
		
			</item>
		<item>
		<title>The new common language will be</title>
		<link>/2017/03/10/the-new-common-language-will-be-2/?utm_source=rss#038;utm_medium=rss&#038;utm_campaign=the-new-common-language-will-be-2</link>
					<comments>/2017/03/10/the-new-common-language-will-be-2/#respond</comments>
		
		<dc:creator><![CDATA[eliUser]]></dc:creator>
		<pubDate>Fri, 10 Mar 2017 02:02:32 +0000</pubDate>
				<category><![CDATA[Design]]></category>
		<category><![CDATA[Photography]]></category>
		<category><![CDATA[Art]]></category>
		<category><![CDATA[Pop Culture]]></category>
		<guid isPermaLink="false">http://shtheme.com/demosd/smart/?p=22</guid>

					<description><![CDATA[<p>The European languages are members of the same family. Their separate existence is a myth. For science, music, sport, etc, Europe uses the same vocabulary. The languages only differ in their grammar, their pronunciation and their most common words. Everyone realizes why a new common language would be desirable: one could refuse to pay expensive [&#8230;]</p>
<p>The post <a href="/2017/03/10/the-new-common-language-will-be-2/">The new common language will be</a> first appeared on <a href="">Dietitian Eli</a>.</p>]]></description>
										<content:encoded><![CDATA[<p>The European languages are members of the same family. Their separate existence is a myth. For science, music, sport, etc, Europe uses the same vocabulary. The languages only differ in their grammar, their pronunciation and their most common words. Everyone realizes why a new common language would be desirable: one could refuse to pay expensive translators.</p>
<blockquote>
<p>If several languages coalesce, the grammar of the resulting language is more simple and regular than that of the individual languages.</p>
</blockquote>
<p>If several languages coalesce, the grammar of the resulting language is more simple and regular than that of the individual languages. The new common language will be more simple and regular than the existing European languages. To achieve this, it would be necessary to have uniform grammar, pronunciation and more common words.</p>
<ul>
<li>For science, music, sport, etc.</li>
<li>Their separate existence is a myth.</li>
<li>The European languages are members.</li>
</ul>
<p>It will be as simple as Occidental; in fact, it will be Occidental. To an English person, it will seem like simplified English, as a skeptical Cambridge friend of mine told me what Occidental is. The European languages are members of the same family.</p>
<p>The European languages are members of the same family. Their separate existence is a myth. For science, music, sport, etc, Europe uses the same vocabulary. The languages only differ in their grammar, their pronunciation and their most common words. Everyone realizes why a new common language would be desirable: one could refuse to pay expensive translators.</p><p>The post <a href="/2017/03/10/the-new-common-language-will-be-2/">The new common language will be</a> first appeared on <a href="">Dietitian Eli</a>.</p>]]></content:encoded>
					
					<wfw:commentRss>/2017/03/10/the-new-common-language-will-be-2/feed/</wfw:commentRss>
			<slash:comments>0</slash:comments>
		
		
			</item>
		<item>
		<title>It will be as simple as Occidental</title>
		<link>/2017/03/10/it-will-be-as-simple-as-occidental-2/?utm_source=rss#038;utm_medium=rss&#038;utm_campaign=it-will-be-as-simple-as-occidental-2</link>
					<comments>/2017/03/10/it-will-be-as-simple-as-occidental-2/#respond</comments>
		
		<dc:creator><![CDATA[eliUser]]></dc:creator>
		<pubDate>Fri, 10 Mar 2017 02:01:27 +0000</pubDate>
				<category><![CDATA[Design]]></category>
		<category><![CDATA[Photography]]></category>
		<category><![CDATA[Art]]></category>
		<category><![CDATA[Pop Culture]]></category>
		<guid isPermaLink="false">http://shtheme.com/demosd/smart/?p=19</guid>

					<description><![CDATA[<p>The European languages are members of the same family. Their separate existence is a myth. For science, music, sport, etc, Europe uses the same vocabulary. The languages only differ in their grammar, their pronunciation and their most common words. Everyone realizes why a new common language would be desirable: one could refuse to pay expensive [&#8230;]</p>
<p>The post <a href="/2017/03/10/it-will-be-as-simple-as-occidental-2/">It will be as simple as Occidental</a> first appeared on <a href="">Dietitian Eli</a>.</p>]]></description>
										<content:encoded><![CDATA[<p>The European languages are members of the same family. Their separate existence is a myth. For science, music, sport, etc, Europe uses the same vocabulary. The languages only differ in their grammar, their pronunciation and their most common words. Everyone realizes why a new common language would be desirable: one could refuse to pay expensive translators.</p>
<blockquote>
<p>If several languages coalesce, the grammar of the resulting language is more simple and regular than that of the individual languages.</p>
</blockquote>
<p>If several languages coalesce, the grammar of the resulting language is more simple and regular than that of the individual languages. The new common language will be more simple and regular than the existing European languages. To achieve this, it would be necessary to have uniform grammar, pronunciation and more common words.</p>
<ul>
<li>For science, music, sport, etc.</li>
<li>Their separate existence is a myth.</li>
<li>The European languages are members.</li>
</ul>
<p>It will be as simple as Occidental; in fact, it will be Occidental. To an English person, it will seem like simplified English, as a skeptical Cambridge friend of mine told me what Occidental is. The European languages are members of the same family.</p>
<p>The European languages are members of the same family. Their separate existence is a myth. For science, music, sport, etc, Europe uses the same vocabulary. The languages only differ in their grammar, their pronunciation and their most common words. Everyone realizes why a new common language would be desirable: one could refuse to pay expensive translators.</p><p>The post <a href="/2017/03/10/it-will-be-as-simple-as-occidental-2/">It will be as simple as Occidental</a> first appeared on <a href="">Dietitian Eli</a>.</p>]]></content:encoded>
					
					<wfw:commentRss>/2017/03/10/it-will-be-as-simple-as-occidental-2/feed/</wfw:commentRss>
			<slash:comments>0</slash:comments>
		
		
			</item>
		<item>
		<title>The European languages are members</title>
		<link>/2017/03/10/the-european-languages-are-members/?utm_source=rss#038;utm_medium=rss&#038;utm_campaign=the-european-languages-are-members</link>
					<comments>/2017/03/10/the-european-languages-are-members/#respond</comments>
		
		<dc:creator><![CDATA[eliUser]]></dc:creator>
		<pubDate>Fri, 10 Mar 2017 02:00:48 +0000</pubDate>
				<category><![CDATA[Design]]></category>
		<category><![CDATA[Photography]]></category>
		<category><![CDATA[Art]]></category>
		<category><![CDATA[Pop Culture]]></category>
		<guid isPermaLink="false">http://shtheme.com/demosd/smart/?p=18</guid>

					<description><![CDATA[<p>The European languages are members of the same family. Their separate existence is a myth. For science, music, sport, etc, Europe uses the same vocabulary. The languages only differ in their grammar, their pronunciation and their most common words. Everyone realizes why a new common language would be desirable: one could refuse to pay expensive [&#8230;]</p>
<p>The post <a href="/2017/03/10/the-european-languages-are-members/">The European languages are members</a> first appeared on <a href="">Dietitian Eli</a>.</p>]]></description>
										<content:encoded><![CDATA[<p>The European languages are members of the same family. Their separate existence is a myth. For science, music, sport, etc, Europe uses the same vocabulary. The languages only differ in their grammar, their pronunciation and their most common words. Everyone realizes why a new common language would be desirable: one could refuse to pay expensive translators.</p>
<blockquote>
<p>If several languages coalesce, the grammar of the resulting language is more simple and regular than that of the individual languages.</p>
</blockquote>
<p>If several languages coalesce, the grammar of the resulting language is more simple and regular than that of the individual languages. The new common language will be more simple and regular than the existing European languages. To achieve this, it would be necessary to have uniform grammar, pronunciation and more common words.</p>
<ul>
<li>For science, music, sport, etc.</li>
<li>Their separate existence is a myth.</li>
<li>The European languages are members.</li>
</ul>
<p>It will be as simple as Occidental; in fact, it will be Occidental. To an English person, it will seem like simplified English, as a skeptical Cambridge friend of mine told me what Occidental is. The European languages are members of the same family.</p>
<p>The European languages are members of the same family. Their separate existence is a myth. For science, music, sport, etc, Europe uses the same vocabulary. The languages only differ in their grammar, their pronunciation and their most common words. Everyone realizes why a new common language would be desirable: one could refuse to pay expensive translators.</p><p>The post <a href="/2017/03/10/the-european-languages-are-members/">The European languages are members</a> first appeared on <a href="">Dietitian Eli</a>.</p>]]></content:encoded>
					
					<wfw:commentRss>/2017/03/10/the-european-languages-are-members/feed/</wfw:commentRss>
			<slash:comments>0</slash:comments>
		
		
			</item>
		<item>
		<title>The new common language will be</title>
		<link>/2017/03/10/the-new-common-language-will-be/?utm_source=rss#038;utm_medium=rss&#038;utm_campaign=the-new-common-language-will-be</link>
					<comments>/2017/03/10/the-new-common-language-will-be/#respond</comments>
		
		<dc:creator><![CDATA[eliUser]]></dc:creator>
		<pubDate>Fri, 10 Mar 2017 01:53:07 +0000</pubDate>
				<category><![CDATA[Design]]></category>
		<category><![CDATA[Photography]]></category>
		<category><![CDATA[Art]]></category>
		<category><![CDATA[Pop Culture]]></category>
		<guid isPermaLink="false">http://shtheme.com/demosd/smart/?p=16</guid>

					<description><![CDATA[<p>The European languages are members of the same family. Their separate existence is a myth. For science, music, sport, etc, Europe uses the same vocabulary. The languages only differ in their grammar, their pronunciation and their most common words. Everyone realizes why a new common language would be desirable: one could refuse to pay expensive [&#8230;]</p>
<p>The post <a href="/2017/03/10/the-new-common-language-will-be/">The new common language will be</a> first appeared on <a href="">Dietitian Eli</a>.</p>]]></description>
										<content:encoded><![CDATA[<p>The European languages are members of the same family. Their separate existence is a myth. For science, music, sport, etc, Europe uses the same vocabulary. The languages only differ in their grammar, their pronunciation and their most common words. Everyone realizes why a new common language would be desirable: one could refuse to pay expensive translators.</p>
<blockquote><p>If several languages coalesce, the grammar of the resulting language is more simple and regular than that of the individual languages.</p></blockquote>
<p>If several languages coalesce, the grammar of the resulting language is more simple and regular than that of the individual languages. The new common language will be more simple and regular than the existing European languages. To achieve this, it would be necessary to have uniform grammar, pronunciation and more common words.</p>
<ul>
<li>For science, music, sport, etc.</li>
<li>Their separate existence is a myth.</li>
<li>The European languages are members.</li>
</ul>
<p>It will be as simple as Occidental; in fact, it will be Occidental. To an English person, it will seem like simplified English, as a skeptical Cambridge friend of mine told me what Occidental is. The European languages are members of the same family.</p>
<p>The European languages are members of the same family. Their separate existence is a myth. For science, music, sport, etc, Europe uses the same vocabulary. The languages only differ in their grammar, their pronunciation and their most common words. Everyone realizes why a new common language would be desirable: one could refuse to pay expensive translators.</p><p>The post <a href="/2017/03/10/the-new-common-language-will-be/">The new common language will be</a> first appeared on <a href="">Dietitian Eli</a>.</p>]]></content:encoded>
					
					<wfw:commentRss>/2017/03/10/the-new-common-language-will-be/feed/</wfw:commentRss>
			<slash:comments>0</slash:comments>
		
		
			</item>
		<item>
		<title>It will be as simple as Occidental</title>
		<link>/2017/03/09/it-will-be-as-simple-as-occidental/?utm_source=rss#038;utm_medium=rss&#038;utm_campaign=it-will-be-as-simple-as-occidental</link>
					<comments>/2017/03/09/it-will-be-as-simple-as-occidental/#respond</comments>
		
		<dc:creator><![CDATA[eliUser]]></dc:creator>
		<pubDate>Thu, 09 Mar 2017 10:30:48 +0000</pubDate>
				<category><![CDATA[Design]]></category>
		<category><![CDATA[Photography]]></category>
		<category><![CDATA[Art]]></category>
		<category><![CDATA[Pop Culture]]></category>
		<guid isPermaLink="false">http://shtheme.com/demosd/smart/?p=5</guid>

					<description><![CDATA[<p>The European languages are members of the same family. Their separate existence is a myth. For science, music, sport, etc, Europe uses the same vocabulary. The languages only differ in their grammar, their pronunciation and their most common words. Everyone realizes why a new common language would be desirable: one could refuse to pay expensive [&#8230;]</p>
<p>The post <a href="/2017/03/09/it-will-be-as-simple-as-occidental/">It will be as simple as Occidental</a> first appeared on <a href="">Dietitian Eli</a>.</p>]]></description>
										<content:encoded><![CDATA[<p>The European languages are members of the same family. Their separate existence is a myth. For science, music, sport, etc, Europe uses the same vocabulary. The languages only differ in their grammar, their pronunciation and their most common words. Everyone realizes why a new common language would be desirable: one could refuse to pay expensive translators.</p>
<blockquote>
<p>If several languages coalesce, the grammar of the resulting language is more simple and regular than that of the individual languages.</p>
</blockquote>
<p>If several languages coalesce, the grammar of the resulting language is more simple and regular than that of the individual languages. The new common language will be more simple and regular than the existing European languages. To achieve this, it would be necessary to have uniform grammar, pronunciation and more common words.</p>
<ul>
<li>For science, music, sport, etc.</li>
<li>Their separate existence is a myth.</li>
<li>The European languages are members.</li>
</ul>
<p>It will be as simple as Occidental; in fact, it will be Occidental. To an English person, it will seem like simplified English, as a skeptical Cambridge friend of mine told me what Occidental is. The European languages are members of the same family.</p>
<p>The European languages are members of the same family. Their separate existence is a myth. For science, music, sport, etc, Europe uses the same vocabulary. The languages only differ in their grammar, their pronunciation and their most common words. Everyone realizes why a new common language would be desirable: one could refuse to pay expensive translators.</p><p>The post <a href="/2017/03/09/it-will-be-as-simple-as-occidental/">It will be as simple as Occidental</a> first appeared on <a href="">Dietitian Eli</a>.</p>]]></content:encoded>
					
					<wfw:commentRss>/2017/03/09/it-will-be-as-simple-as-occidental/feed/</wfw:commentRss>
			<slash:comments>0</slash:comments>
		
		
			</item>
	</channel>
</rss>
