<?xml version="1.0" encoding="UTF-8"?><rss version="2.0"
	xmlns:content="http://purl.org/rss/1.0/modules/content/"
	xmlns:dc="http://purl.org/dc/elements/1.1/"
	xmlns:atom="http://www.w3.org/2005/Atom"
	xmlns:sy="http://purl.org/rss/1.0/modules/syndication/"
	
	>
<channel>
	<title>
	Comments on: It will be as simple as Occidental	</title>
	<atom:link href="/2017/03/09/it-will-be-as-simple-as-occidental/feed/" rel="self" type="application/rss+xml" />
	<link>/2017/03/09/it-will-be-as-simple-as-occidental/?utm_source=rss#038;utm_medium=rss&#038;utm_campaign=it-will-be-as-simple-as-occidental</link>
	<description></description>
	<lastBuildDate>Thu, 09 Mar 2017 10:30:48 +0000</lastBuildDate>
	<sy:updatePeriod>
	hourly	</sy:updatePeriod>
	<sy:updateFrequency>
	1	</sy:updateFrequency>
	<generator>https://wordpress.org/?v=6.1.1</generator>
</channel>
</rss>
