<?xml version="1.0" encoding="UTF-8"?><rss version="2.0"
	xmlns:content="http://purl.org/rss/1.0/modules/content/"
	xmlns:dc="http://purl.org/dc/elements/1.1/"
	xmlns:atom="http://www.w3.org/2005/Atom"
	xmlns:sy="http://purl.org/rss/1.0/modules/syndication/"
	
	>
<channel>
	<title>
	Comments on: It will be as simple as Occidental	</title>
	<atom:link href="/2017/03/10/it-will-be-as-simple-as-occidental-3/feed/" rel="self" type="application/rss+xml" />
	<link>/2017/03/10/it-will-be-as-simple-as-occidental-3/?utm_source=rss#038;utm_medium=rss&#038;utm_campaign=it-will-be-as-simple-as-occidental-3</link>
	<description></description>
	<lastBuildDate>Tue, 14 Mar 2017 10:22:03 +0000</lastBuildDate>
	<sy:updatePeriod>
	hourly	</sy:updatePeriod>
	<sy:updateFrequency>
	1	</sy:updateFrequency>
	<generator>https://wordpress.org/?v=6.1.1</generator>
	<item>
		<title>
		By: admin		</title>
		<link>/2017/03/10/it-will-be-as-simple-as-occidental-3/#comment-4</link>

		<dc:creator><![CDATA[admin]]></dc:creator>
		<pubDate>Tue, 14 Mar 2017 10:22:03 +0000</pubDate>
		<guid isPermaLink="false">http://shtheme.com/demosd/smart/?p=33#comment-4</guid>

					<description><![CDATA[It will be as simple as Occidental; in fact, it will be Occidental. To an English person, it will seem like simplified English, as a skeptical Cambridge friend of mine told me what Occidental is.]]></description>
			<content:encoded><![CDATA[<p>It will be as simple as Occidental; in fact, it will be Occidental. To an English person, it will seem like simplified English, as a skeptical Cambridge friend of mine told me what Occidental is.</p>
]]></content:encoded>
		
			</item>
	</channel>
</rss>
