<?xml version="1.0" encoding="UTF-8"?><rss version="2.0"
	xmlns:content="http://purl.org/rss/1.0/modules/content/"
	xmlns:wfw="http://wellformedweb.org/CommentAPI/"
	xmlns:dc="http://purl.org/dc/elements/1.1/"
	xmlns:atom="http://www.w3.org/2005/Atom"
	xmlns:sy="http://purl.org/rss/1.0/modules/syndication/"
	xmlns:slash="http://purl.org/rss/1.0/modules/slash/"
	>

<channel>
	<title>Uncategorised - Dietitian Eli</title>
	<atom:link href="/category/uncategorised/feed/" rel="self" type="application/rss+xml" />
	<link></link>
	<description></description>
	<lastBuildDate>Tue, 28 Feb 2023 08:28:44 +0000</lastBuildDate>
	<language>en-GB</language>
	<sy:updatePeriod>
	hourly	</sy:updatePeriod>
	<sy:updateFrequency>
	1	</sy:updateFrequency>
	<generator>https://wordpress.org/?v=6.1.1</generator>
	<item>
		<title>Hi There</title>
		<link>/2023/02/28/hi-there/?utm_source=rss#038;utm_medium=rss&#038;utm_campaign=hi-there</link>
					<comments>/2023/02/28/hi-there/#respond</comments>
		
		<dc:creator><![CDATA[eliUser]]></dc:creator>
		<pubDate>Tue, 28 Feb 2023 08:28:44 +0000</pubDate>
				<category><![CDATA[Uncategorised]]></category>
		<guid isPermaLink="false">/?p=14</guid>

					<description><![CDATA[<p>Lorem Ipsum is simply dummy text of the printing and typesetting industry. Lorem Ipsum has been the industry&#8217;s standard dummy text ever since the 1500s when an unknown printer took a galley of type and scrambled it to make a type specimen book. It has survived not only five centuries, but also the leap into electronic [&#8230;]</p>
<p>The post <a href="/2023/02/28/hi-there/">Hi There</a> first appeared on <a href="">Dietitian Eli</a>.</p>]]></description>
										<content:encoded><![CDATA[<p><strong>Lorem Ipsum</strong> is simply dummy text of the printing and typesetting industry. Lorem Ipsum has been the industry&#8217;s standard dummy text ever since the 1500s when an unknown printer took a galley of type and scrambled it to make a type specimen book. It has survived not only five centuries, but also the leap into electronic typesetting, remaining essentially unchanged. It was popularised in the 1960s with the release of Letraset sheets containing Lorem Ipsum passages, and more recently with desktop publishing software like Aldus PageMaker including versions of Lorem Ipsum.</p><p>The post <a href="/2023/02/28/hi-there/">Hi There</a> first appeared on <a href="">Dietitian Eli</a>.</p>]]></content:encoded>
					
					<wfw:commentRss>/2023/02/28/hi-there/feed/</wfw:commentRss>
			<slash:comments>0</slash:comments>
		
		
			</item>
		<item>
		<title>Hello world!</title>
		<link>/2023/02/27/hello-world/?utm_source=rss#038;utm_medium=rss&#038;utm_campaign=hello-world</link>
					<comments>/2023/02/27/hello-world/#comments</comments>
		
		<dc:creator><![CDATA[eliUser]]></dc:creator>
		<pubDate>Mon, 27 Feb 2023 11:06:49 +0000</pubDate>
				<category><![CDATA[Uncategorised]]></category>
		<guid isPermaLink="false">/?p=1</guid>

					<description><![CDATA[<p>Welcome to WordPress. This is your first post. Edit or delete it, then start writing!</p>
<p>The post <a href="/2023/02/27/hello-world/">Hello world!</a> first appeared on <a href="">Dietitian Eli</a>.</p>]]></description>
										<content:encoded><![CDATA[<p>Welcome to WordPress. This is your first post. Edit or delete it, then start writing!</p><p>The post <a href="/2023/02/27/hello-world/">Hello world!</a> first appeared on <a href="">Dietitian Eli</a>.</p>]]></content:encoded>
					
					<wfw:commentRss>/2023/02/27/hello-world/feed/</wfw:commentRss>
			<slash:comments>1</slash:comments>
		
		
			</item>
	</channel>
</rss>
