<?xml version="1.0" encoding="UTF-8"?><rss version="2.0"
	xmlns:content="http://purl.org/rss/1.0/modules/content/"
	xmlns:dc="http://purl.org/dc/elements/1.1/"
	xmlns:atom="http://www.w3.org/2005/Atom"
	xmlns:sy="http://purl.org/rss/1.0/modules/syndication/"
	
	>
<channel>
	<title>
	Comments for Dietitian Eli	</title>
	<atom:link href="/comments/feed/" rel="self" type="application/rss+xml" />
	<link></link>
	<description></description>
	<lastBuildDate>Mon, 27 Feb 2023 11:06:49 +0000</lastBuildDate>
	<sy:updatePeriod>
	hourly	</sy:updatePeriod>
	<sy:updateFrequency>
	1	</sy:updateFrequency>
	<generator>https://wordpress.org/?v=6.1.1</generator>
	<item>
		<title>
		Comment on Hello world! by A WordPress Commenter		</title>
		<link>/2023/02/27/hello-world/#comment-1</link>

		<dc:creator><![CDATA[A WordPress Commenter]]></dc:creator>
		<pubDate>Mon, 27 Feb 2023 11:06:49 +0000</pubDate>
		<guid isPermaLink="false">/?p=1#comment-1</guid>

					<description><![CDATA[Hi, this is a comment.
To get started with moderating, editing, and deleting comments, please visit the Comments screen in the dashboard.
Commenter avatars come from &lt;a href=&quot;https://en.gravatar.com/&quot;&gt;Gravatar&lt;/a&gt;.]]></description>
			<content:encoded><![CDATA[<p>Hi, this is a comment.<br />
To get started with moderating, editing, and deleting comments, please visit the Comments screen in the dashboard.<br />
Commenter avatars come from <a href="https://en.gravatar.com/">Gravatar</a>.</p>
]]></content:encoded>
		
			</item>
		<item>
		<title>
		Comment on It will be as simple as Occidental by admin		</title>
		<link>/2017/03/10/it-will-be-as-simple-as-occidental-3/#comment-4</link>

		<dc:creator><![CDATA[admin]]></dc:creator>
		<pubDate>Tue, 14 Mar 2017 10:22:03 +0000</pubDate>
		<guid isPermaLink="false">http://shtheme.com/demosd/smart/?p=33#comment-4</guid>

					<description><![CDATA[It will be as simple as Occidental; in fact, it will be Occidental. To an English person, it will seem like simplified English, as a skeptical Cambridge friend of mine told me what Occidental is.]]></description>
			<content:encoded><![CDATA[<p>It will be as simple as Occidental; in fact, it will be Occidental. To an English person, it will seem like simplified English, as a skeptical Cambridge friend of mine told me what Occidental is.</p>
]]></content:encoded>
		
			</item>
		<item>
		<title>
		Comment on The European languages are members by admin		</title>
		<link>/2017/03/10/the-european-languages-are-members-2/#comment-3</link>

		<dc:creator><![CDATA[admin]]></dc:creator>
		<pubDate>Fri, 10 Mar 2017 02:11:03 +0000</pubDate>
		<guid isPermaLink="false">http://shtheme.com/demosd/smart/?p=23#comment-3</guid>

					<description><![CDATA[In reply to &lt;a href=&quot;/2017/03/10/the-european-languages-are-members-2/#comment-2&quot;&gt;admin&lt;/a&gt;.

The European languages are members of the same family. Their separate existence is a myth. For science, music, sport, etc, Europe uses the same vocabulary. The European languages are members of the same family. Their separate existence is a myth.]]></description>
			<content:encoded><![CDATA[<p>In reply to <a href="/2017/03/10/the-european-languages-are-members-2/#comment-2">admin</a>.</p>
<p>The European languages are members of the same family. Their separate existence is a myth. For science, music, sport, etc, Europe uses the same vocabulary. The European languages are members of the same family. Their separate existence is a myth.</p>
]]></content:encoded>
		
			</item>
		<item>
		<title>
		Comment on The European languages are members by admin		</title>
		<link>/2017/03/10/the-european-languages-are-members-2/#comment-2</link>

		<dc:creator><![CDATA[admin]]></dc:creator>
		<pubDate>Fri, 10 Mar 2017 02:10:46 +0000</pubDate>
		<guid isPermaLink="false">http://shtheme.com/demosd/smart/?p=23#comment-2</guid>

					<description><![CDATA[The European languages are members of the same family. Their separate existence is a myth. For science, music, sport, etc, Europe uses the same vocabulary. The European languages are members of the same family. Their separate existence is a myth.]]></description>
			<content:encoded><![CDATA[<p>The European languages are members of the same family. Their separate existence is a myth. For science, music, sport, etc, Europe uses the same vocabulary. The European languages are members of the same family. Their separate existence is a myth.</p>
]]></content:encoded>
		
			</item>
	</channel>
</rss>
