<?xml version="1.0" encoding="UTF-8"?><rss version="2.0"
	xmlns:content="http://purl.org/rss/1.0/modules/content/"
	xmlns:dc="http://purl.org/dc/elements/1.1/"
	xmlns:atom="http://www.w3.org/2005/Atom"
	xmlns:sy="http://purl.org/rss/1.0/modules/syndication/"
	
	>
<channel>
	<title>
	Comments on: Hi There	</title>
	<atom:link href="/2023/02/28/hi-there/feed/" rel="self" type="application/rss+xml" />
	<link>/2023/02/28/hi-there/?utm_source=rss#038;utm_medium=rss&#038;utm_campaign=hi-there</link>
	<description></description>
	<lastBuildDate>Tue, 28 Feb 2023 08:28:44 +0000</lastBuildDate>
	<sy:updatePeriod>
	hourly	</sy:updatePeriod>
	<sy:updateFrequency>
	1	</sy:updateFrequency>
	<generator>https://wordpress.org/?v=6.1.1</generator>
</channel>
</rss>
