<?xml version="1.0" encoding="UTF-8"?><rss version="2.0"
	xmlns:content="http://purl.org/rss/1.0/modules/content/"
	xmlns:dc="http://purl.org/dc/elements/1.1/"
	xmlns:atom="http://www.w3.org/2005/Atom"
	xmlns:sy="http://purl.org/rss/1.0/modules/syndication/"
	
	>
<channel>
	<title>
	Comments on: The European languages are members	</title>
	<atom:link href="/2017/03/10/the-european-languages-are-members-2/feed/" rel="self" type="application/rss+xml" />
	<link>/2017/03/10/the-european-languages-are-members-2/?utm_source=rss#038;utm_medium=rss&#038;utm_campaign=the-european-languages-are-members-2</link>
	<description></description>
	<lastBuildDate>Fri, 10 Mar 2017 02:11:03 +0000</lastBuildDate>
	<sy:updatePeriod>
	hourly	</sy:updatePeriod>
	<sy:updateFrequency>
	1	</sy:updateFrequency>
	<generator>https://wordpress.org/?v=6.1.1</generator>
	<item>
		<title>
		By: admin		</title>
		<link>/2017/03/10/the-european-languages-are-members-2/#comment-3</link>

		<dc:creator><![CDATA[admin]]></dc:creator>
		<pubDate>Fri, 10 Mar 2017 02:11:03 +0000</pubDate>
		<guid isPermaLink="false">http://shtheme.com/demosd/smart/?p=23#comment-3</guid>

					<description><![CDATA[In reply to &lt;a href=&quot;/2017/03/10/the-european-languages-are-members-2/#comment-2&quot;&gt;admin&lt;/a&gt;.

The European languages are members of the same family. Their separate existence is a myth. For science, music, sport, etc, Europe uses the same vocabulary. The European languages are members of the same family. Their separate existence is a myth.]]></description>
			<content:encoded><![CDATA[<p>In reply to <a href="/2017/03/10/the-european-languages-are-members-2/#comment-2">admin</a>.</p>
<p>The European languages are members of the same family. Their separate existence is a myth. For science, music, sport, etc, Europe uses the same vocabulary. The European languages are members of the same family. Their separate existence is a myth.</p>
]]></content:encoded>
		
			</item>
		<item>
		<title>
		By: admin		</title>
		<link>/2017/03/10/the-european-languages-are-members-2/#comment-2</link>

		<dc:creator><![CDATA[admin]]></dc:creator>
		<pubDate>Fri, 10 Mar 2017 02:10:46 +0000</pubDate>
		<guid isPermaLink="false">http://shtheme.com/demosd/smart/?p=23#comment-2</guid>

					<description><![CDATA[The European languages are members of the same family. Their separate existence is a myth. For science, music, sport, etc, Europe uses the same vocabulary. The European languages are members of the same family. Their separate existence is a myth.]]></description>
			<content:encoded><![CDATA[<p>The European languages are members of the same family. Their separate existence is a myth. For science, music, sport, etc, Europe uses the same vocabulary. The European languages are members of the same family. Their separate existence is a myth.</p>
]]></content:encoded>
		
			</item>
	</channel>
</rss>
